Profile Name,Title Name,Country,Utc Title Add Date
Stephen,Sebastian Maniscalco: Stay Hungry,United States,2019-01-20
Stephen,Travelers,United States,2018-12-21
Stephen,Alaska State Troopers,United States,2018-03-17
Stephen,Cosmos: A Spacetime Odyssey,United States,2017-10-28
Stephen,Stranger Things,United States,2017-10-28
Mom,Guardians of the Galaxy Vol. 2,United States,2018-03-17
Mom,The Boss Baby,United States,2018-03-17
Mom,Longmire,United States,2018-03-17
Zoie,Henry Danger,United States,2022-01-19
Zoie,Over the Moon,United States,2021-02-20
Zoie,The Croods,United States,2021-02-20
Zoie,The Secret Life of Pets 2,United States,2021-02-20
Taylor,The Kissing Booth 3,United States,2021-07-22
Taylor,The Last Letter From Your Lover,United States,2021-07-22
Taylor,Five Feet Apart,United States,2021-07-22
Taylor,Bridgerton,United States,2021-03-12
Taylor,Schitt's Creek,United States,2021-03-12
Taylor,The 100,United States,2021-03-12
